ts,bid_px,ask_px,bid_sz,ask_sz
1773754200001059169,240.16,265.62,100.0,100.0
1773754200164070210,240.16,260.79,100.0,300.0
1773754200328958061,252.86,260.79,100.0,300.0
1773754200341037610,252.86,253.09,100.0,100.0
1773754200369371244,240.16,253.09,100.0,100.0
1773754200369395613,240.16,260.79,100.0,300.0
1773754200369703300,252.86,260.79,100.0,300.0
1773754200369802955,252.86,253.09,100.0,100.0
1773754200370386655,240.16,253.09,100.0,100.0
1773754200385428299,252.86,253.09,100.0,100.0
1773754200536807266,240.16,253.09,100.0,100.0
1773754200543682279,252.92,253.09,100.0,100.0
1773754200543731965,252.92,260.79,100.0,300.0
1773754200546790869,252.92,260.79,200.0,300.0
1773754200550961062,252.92,253.09,200.0,100.0
1773754200553913059,252.92,253.09,100.0,100.0
1773754200570049086,252.92,260.79,100.0,300.0
1773754200570073945,252.92,260.79,200.0,300.0
1773754200573831436,252.92,253.09,200.0,100.0
1773754200574660704,252.92,253.09,100.0,100.0
1773754200575214985,240.16,253.09,100.0,100.0
1773754200599828169,252.92,253.09,100.0,100.0
1773754200622688544,240.16,253.09,100.0,100.0
1773754200673040635,252.92,253.09,100.0,100.0
1773754200674084263,240.16,253.09,100.0,100.0
1773754201011184223,240.16,260.79,100.0,300.0
1773754201011612597,240.16,253.09,100.0,100.0
1773754201020027332,240.16,260.79,100.0,300.0
1773754201021056326,240.16,253.09,100.0,100.0
1773754201023061666,240.16,260.79,100.0,300.0
1773754201025357880,240.16,265.62,100.0,100.0
1773754201028406855,246.53,265.62,200.0,100.0
1773754201028479607,246.53,260.79,200.0,200.0
1773754201062940047,246.53,253.09,200.0,100.0
1773754201069861656,246.53,260.79,200.0,200.0
1773754201070578130,252.8,260.79,100.0,200.0
1773754201070601684,252.8,253.0,100.0,100.0
1773754201070755738,252.8,260.79,100.0,200.0
1773754201070908206,246.53,260.79,200.0,200.0
1773754201071157162,252.85,260.79,100.0,200.0
1773754201071297871,246.53,260.79,200.0,200.0
1773754201071549824,252.86,260.79,100.0,200.0
1773754201072169400,246.53,260.79,200.0,200.0
1773754201078263300,246.53,252.96,200.0,100.0
1773754201078375068,246.53,260.79,200.0,200.0
1773754201096432094,252.93,260.79,100.0,200.0
1773754201096573590,246.53,260.79,200.0,200.0
1773754201103908009,252.94,260.79,100.0,200.0
1773754201104134598,246.53,260.79,200.0,200.0
1773754201108440326,252.95,260.79,100.0,200.0
1773754201108579299,246.53,260.79,200.0,200.0
1773754201122584665,252.98,260.79,100.0,200.0
1773754201122665964,246.53,260.79,200.0,200.0
1773754201122690610,252.97,260.79,100.0,200.0
1773754201122782331,246.53,260.79,200.0,200.0
1773754201123067997,252.98,260.79,100.0,200.0
1773754201124142276,246.53,260.79,200.0,200.0
1773754201132605274,252.99,260.79,100.0,200.0
1773754201159743559,252.99,253.08,100.0,100.0
1773754201159830491,246.53,253.08,200.0,100.0
1773754201159879247,252.93,253.08,100.0,100.0
1773754201160013676,252.93,260.79,100.0,200.0
1773754201160105057,246.53,260.79,200.0,200.0
1773754201162047394,252.92,260.79,100.0,200.0
1773754201162067573,246.53,260.79,200.0,200.0
1773754201162547497,246.53,253.09,200.0,100.0
1773754201162690714,246.53,260.79,200.0,200.0
1773754201163233689,252.84,260.79,100.0,200.0
1773754201163326025,246.53,260.79,200.0,200.0
1773754201163690734,252.93,260.79,100.0,200.0
1773754201163814235,246.53,260.79,200.0,200.0
1773754201163925777,246.53,253.08,200.0,100.0
1773754201164900844,246.53,260.79,200.0,200.0
1773754201169487505,252.94,260.79,100.0,200.0
1773754201170393761,246.53,260.79,200.0,200.0
1773754201172936650,252.94,260.79,100.0,200.0
1773754201173533647,246.53,260.79,200.0,200.0
1773754201173564560,246.53,253.1,200.0,100.0
1773754201174407888,246.53,260.79,200.0,200.0
1773754201174434155,246.53,253.1,200.0,100.0
1773754201175131437,246.53,260.79,200.0,200.0
1773754201175159331,252.94,260.79,100.0,200.0
1773754201175224609,252.93,260.79,100.0,200.0
1773754201175297879,246.53,260.79,200.0,200.0
1773754201175322295,246.53,253.09,200.0,100.0
1773754201175529117,252.93,253.09,100.0,100.0
1773754201175595813,252.93,260.79,100.0,200.0
1773754201176189806,252.93,260.79,200.0,200.0
1773754201176198850,252.93,260.79,100.0,200.0
1773754201176696508,246.53,260.79,200.0,200.0
1773754201176727372,252.93,260.79,100.0,200.0
1773754201177248124,246.53,260.79,200.0,200.0
1773754201177494024,252.94,260.79,100.0,200.0
1773754201177514109,252.94,253.09,100.0,100.0
1773754201177707359,252.94,260.79,100.0,200.0
1773754201178515702,252.96,260.79,100.0,200.0
1773754201178567148,252.96,260.79,200.0,200.0
1773754201178616517,252.96,260.79,100.0,200.0
1773754201178668842,246.53,260.79,200.0,200.0
1773754201178690650,252.96,260.79,100.0,200.0
1773754201178943182,246.53,260.79,200.0,200.0
1773754201178967568,252.96,260.79,100.0,200.0
1773754201179489465,246.53,260.79,200.0,200.0
1773754201179515408,253.01,260.79,100.0,200.0
1773754201179753983,246.53,260.79,200.0,200.0
1773754201179924405,253.02,260.79,100.0,200.0
1773754201180567971,246.53,260.79,200.0,200.0
1773754201180594176,253.02,260.79,100.0,200.0
1773754201180830750,246.53,260.79,200.0,200.0
1773754201181090821,253.02,260.79,100.0,200.0
1773754201181197933,253.02,260.79,200.0,200.0
1773754201181246574,253.02,260.79,100.0,200.0
1773754201181360836,246.53,260.79,200.0,200.0
1773754201181460870,253.02,260.79,100.0,200.0
1773754201181563363,246.53,260.79,200.0,200.0
1773754201181699403,253.02,260.79,100.0,200.0
1773754201181789744,246.53,260.79,200.0,200.0
1773754201182653755,253.02,260.79,100.0,200.0
1773754201183206057,253.07,260.79,100.0,200.0
1773754201183454709,246.53,260.79,200.0,200.0
1773754201184611479,253.03,260.79,100.0,200.0
1773754201185034109,246.53,260.79,200.0,200.0
1773754201196817817,253.04,260.79,100.0,200.0
1773754201196953528,246.53,260.79,200.0,200.0
1773754201211962568,253.03,260.79,100.0,200.0
1773754201211983319,246.53,260.79,200.0,200.0
1773754201212473508,253.03,260.79,100.0,200.0
1773754201212557361,246.53,260.79,200.0,200.0
1773754201219497469,246.53,253.13,200.0,100.0
1773754201219629183,246.53,253.16,200.0,100.0
1773754201219694461,246.53,260.79,200.0,200.0
1773754201222077267,253.0,260.79,100.0,200.0
1773754201222159632,246.53,260.79,200.0,200.0
1773754201222247781,253.0,260.79,100.0,200.0
1773754201222428295,246.53,260.79,200.0,200.0
1773754201222818990,246.53,253.25,200.0,100.0
1773754201222840804,253.07,253.25,100.0,100.0
1773754201223603210,253.07,260.79,100.0,200.0
1773754201229441400,253.06,260.79,100.0,200.0
1773754201229589248,246.53,260.79,200.0,200.0
1773754201229626064,253.06,260.79,100.0,200.0
1773754201229790118,246.53,260.79,200.0,200.0
1773754201229871157,253.01,260.79,100.0,200.0
1773754201229960226,246.53,260.79,200.0,200.0
1773754201230084729,253.01,260.79,100.0,200.0
1773754201230111227,246.53,260.79,200.0,200.0
1773754201230285021,253.01,260.79,100.0,200.0
1773754201230761865,253.0,260.79,100.0,200.0
1773754201231169955,246.53,260.79,200.0,200.0
1773754201231435429,253.0,260.79,100.0,200.0
1773754201232263715,246.53,260.79,200.0,200.0
1773754201232327833,253.0,260.79,100.0,200.0
1773754201233507247,246.53,260.79,200.0,200.0
1773754201233603194,253.12,260.79,100.0,200.0
1773754201233742449,253.1,260.79,100.0,200.0
1773754201234115058,246.53,260.79,200.0,200.0
1773754201234139523,253.11,260.79,100.0,200.0
1773754201234157325,246.53,260.79,200.0,200.0
1773754201234183476,253.1,260.79,100.0,200.0
1773754201234396914,246.53,260.79,200.0,200.0
1773754201234424001,253.11,260.79,100.0,200.0
1773754201234873490,246.53,260.79,200.0,200.0
1773754201236233618,253.12,260.79,100.0,200.0
1773754201239259023,246.53,260.79,200.0,200.0
1773754201239341670,253.12,260.79,100.0,200.0
1773754201239476488,253.12,253.18,100.0,100.0
1773754201239536091,246.53,253.18,200.0,100.0
1773754201239614425,246.53,260.79,200.0,200.0
1773754201241599174,253.12,260.79,100.0,200.0
1773754201242746718,246.53,260.79,200.0,200.0
1773754201243038957,253.12,260.79,100.0,200.0
1773754201244895774,246.53,260.79,200.0,200.0
1773754201245124651,253.12,260.79,100.0,200.0
1773754201248199101,246.53,260.79,200.0,200.0
1773754201253820040,253.11,260.79,100.0,200.0
1773754201253882143,253.11,260.79,200.0,200.0
1773754201253902571,253.11,260.79,100.0,200.0
1773754201253978277,246.53,260.79,200.0,200.0
1773754201276682810,246.53,260.79,200.0,200.0
1773754201282236793,253.15,260.79,100.0,200.0
1773754201282286082,253.14,260.79,100.0,200.0
1773754201282407512,246.53,260.79,200.0,200.0
1773754201282668459,253.12,260.79,100.0,200.0
1773754201282763824,246.53,260.79,200.0,200.0
1773754201283599350,253.07,260.79,100.0,200.0
1773754201283665747,246.53,260.79,200.0,200.0
1773754201283800868,253.07,260.79,100.0,200.0
1773754201284870267,253.07,260.79,200.0,200.0
1773754201284878463,253.07,260.79,100.0,200.0
1773754201285576972,246.53,260.79,200.0,200.0
1773754201285618791,253.08,260.79,100.0,200.0
1773754201286288331,246.53,260.79,200.0,200.0
1773754201292077480,253.11,260.79,100.0,200.0
1773754201292133100,246.53,260.79,200.0,200.0
1773754201292263602,253.11,260.79,100.0,200.0
1773754201292634887,253.11,253.25,100.0,100.0
1773754201293682757,246.53,253.25,200.0,100.0
1773754201293806954,253.12,253.25,100.0,100.0
1773754201294947358,253.12,260.79,100.0,200.0
1773754201312111420,246.53,260.79,200.0,200.0
1773754201312139476,253.1,260.79,100.0,200.0
1773754201342734026,253.1,253.25,100.0,100.0
1773754201343350268,253.1,260.79,100.0,200.0
1773754201343547055,253.18,260.79,100.0,200.0
1773754201343644101,253.1,260.79,100.0,200.0
1773754201343772844,246.53,260.79,200.0,200.0
1773754201370261210,246.53,260.79,200.0,200.0
1773754201389423110,253.1,260.79,100.0,200.0
1773754201389446313,253.1,253.28,100.0,100.0
1773754201389563545,246.53,253.28,200.0,100.0
1773754201389664946,253.13,253.28,100.0,100.0
1773754201390765611,253.13,260.79,100.0,200.0
1773754201390784256,253.13,260.79,200.0,200.0
1773754201390788603,253.13,260.79,100.0,200.0
1773754201391798081,246.53,260.79,200.0,200.0
1773754201391821614,253.16,260.79,100.0,200.0
1773754201408028317,246.53,260.79,200.0,200.0
1773754201408163751,253.16,260.79,100.0,200.0
1773754201408255370,246.53,260.79,200.0,200.0
1773754201408279666,253.14,260.79,100.0,200.0
1773754201408876629,253.09,260.79,100.0,200.0
1773754201408971349,246.53,260.79,200.0,200.0
1773754201409217605,246.53,253.24,200.0,100.0
1773754201409252969,253.08,253.24,100.0,100.0
1773754201409309042,253.08,260.79,100.0,200.0
1773754201409346866,253.08,253.24,100.0,100.0
1773754201409369095,246.53,253.24,200.0,100.0
1773754201409480025,246.53,260.79,200.0,200.0
1773754201409489582,253.08,260.79,100.0,200.0
1773754201450800286,253.08,253.16,100.0,100.0
1773754201451580312,253.08,260.79,100.0,200.0
1773754201453922298,246.53,260.79,200.0,200.0
1773754201454179241,246.53,253.18,200.0,100.0
1773754201454220387,253.08,253.18,100.0,100.0
1773754201454261320,253.08,260.79,100.0,200.0
1773754201454369680,253.08,253.22,100.0,100.0
1773754201454408825,246.53,253.22,200.0,100.0
1773754201454694076,246.53,260.79,200.0,200.0
1773754201472684157,246.53,253.22,200.0,100.0
1773754201472768194,246.53,260.79,200.0,200.0
1773754201472797520,246.53,253.22,200.0,100.0
1773754201473804450,246.53,260.79,200.0,200.0
1773754201473829140,246.53,253.22,200.0,100.0
1773754201474860572,246.53,260.79,200.0,200.0
1773754201474884419,246.53,253.21,200.0,100.0
1773754201483847433,246.53,260.79,200.0,200.0
1773754201483871805,253.1,260.79,100.0,200.0
1773754201485567836,246.53,260.79,200.0,200.0
1773754201485609852,253.11,260.79,100.0,200.0
1773754201486502137,246.53,260.79,200.0,200.0
1773754201486528028,253.11,260.79,100.0,200.0
1773754201487047383,246.53,260.79,200.0,200.0
1773754201487069493,253.11,260.79,100.0,200.0
1773754201488136873,246.53,260.79,200.0,200.0
1773754201488194182,253.13,260.79,100.0,200.0
1773754201488260448,253.13,260.79,200.0,200.0
1773754201488300475,253.13,260.79,100.0,200.0
1773754201489341701,246.53,260.79,200.0,200.0
1773754201489369841,253.13,260.79,100.0,200.0
1773754201490383901,246.53,260.79,200.0,200.0
1773754201490404707,253.16,260.79,100.0,200.0
1773754201491439832,246.53,260.79,200.0,200.0
1773754201522963495,246.53,253.25,200.0,100.0
1773754201523060696,246.53,260.79,200.0,200.0
1773754201648870273,246.53,253.3,200.0,100.0
1773754201654603501,246.53,253.25,200.0,100.0
1773754201654771631,246.53,260.79,200.0,200.0
1773754201670046242,246.53,253.27,200.0,100.0
1773754201674002245,246.53,260.79,200.0,200.0
1773754201674030788,246.53,253.27,200.0,100.0
1773754201674913086,246.53,260.79,200.0,200.0
1773754201674935293,246.53,253.27,200.0,100.0
1773754201676029759,246.53,260.79,200.0,200.0
1773754201676053544,246.53,253.26,200.0,100.0
1773754201699240430,246.53,260.79,200.0,200.0
1773754201734050910,246.53,253.27,200.0,100.0
1773754201781386159,246.53,260.79,200.0,200.0
1773754201818369274,246.53,253.27,200.0,100.0
1773754201818497076,246.53,253.22,200.0,100.0
1773754201818593190,246.53,260.79,200.0,200.0
1773754201818617108,246.53,253.22,200.0,100.0
1773754201819132949,246.53,260.79,200.0,200.0
1773754201819158878,246.53,253.21,200.0,100.0
1773754201819219766,246.53,260.79,200.0,200.0
1773754201819249003,246.53,253.21,200.0,100.0
1773754201820391624,246.53,260.79,200.0,200.0
1773754201820417852,246.53,253.21,200.0,100.0
1773754201821980923,246.53,260.79,200.0,200.0
1773754201822005919,246.53,253.2,200.0,100.0
1773754201839594542,246.53,260.79,200.0,200.0
1773754201839683182,246.53,253.2,200.0,100.0
1773754201839952240,246.53,260.79,200.0,200.0
1773754201839983812,246.53,253.2,200.0,100.0
1773754201841033058,246.53,260.79,200.0,200.0
1773754201841060871,246.53,253.2,200.0,100.0
1773754201842010988,246.53,260.79,200.0,200.0
1773754201842036428,246.53,253.19,200.0,100.0
1773754201843743774,246.53,253.2,200.0,100.0
1773754201845156013,246.53,260.79,200.0,200.0
1773754201845220304,246.53,253.2,200.0,100.0
1773754201845472502,246.53,260.79,200.0,200.0
1773754201850402704,246.53,253.2,200.0,100.0
1773754201903547349,246.53,253.2,200.0,100.0
1773754201903757937,246.53,260.79,200.0,200.0
1773754201903921412,246.53,253.18,200.0,100.0
1773754201903986298,246.53,253.18,200.0,200.0
1773754201904394826,246.53,253.18,200.0,100.0
1773754201904545027,246.53,260.79,200.0,200.0
1773754201904582949,246.53,260.79,200.0,200.0
1773754201905537076,246.53,253.13,200.0,100.0
1773754201905745832,246.53,260.79,200.0,200.0
1773754201905923570,246.53,253.11,200.0,100.0
1773754201906068979,246.53,253.11,200.0,200.0
1773754201906081584,246.53,253.11,200.0,100.0
1773754201906199987,246.53,260.79,200.0,200.0
1773754201906229127,246.53,253.11,200.0,100.0
1773754201907195974,246.53,260.79,200.0,200.0
1773754201907222279,246.53,253.11,200.0,100.0
1773754201907803980,246.53,253.03,200.0,100.0
1773754201908022082,246.53,253.05,200.0,100.0
1773754201908286947,246.53,260.79,200.0,200.0
1773754201908309834,246.53,253.03,200.0,100.0
1773754201908338940,246.53,260.79,200.0,200.0
1773754201908359260,246.53,253.05,200.0,100.0
1773754201908783064,250.0,253.05,100.0,100.0
1773754201910131764,250.0,253.01,100.0,100.0
1773754201910234988,250.0,253.05,100.0,100.0
1773754201910260975,250.0,260.79,100.0,200.0
1773754201910316975,250.0,253.02,100.0,100.0
1773754201910602397,250.0,253.0,100.0,100.0
1773754201912671898,250.0,252.95,100.0,100.0
1773754201912764200,250.0,252.95,100.0,200.0
1773754201912812275,250.0,252.95,100.0,100.0
1773754201913329349,250.0,260.79,100.0,200.0
1773754201913356441,250.0,252.94,100.0,100.0
1773754201914115253,250.0,260.79,100.0,200.0
1773754201914139061,250.0,252.95,100.0,100.0
1773754201916501911,250.0,260.79,100.0,200.0
1773754201916528907,250.0,252.9,100.0,100.0
1773754201920744772,250.0,253.88,100.0,100.0
1773754201942688361,250.0,252.9,100.0,100.0
1773754201943606744,250.0,253.88,100.0,100.0
1773754201977073079,252.83,253.88,100.0,100.0
1773754201977137595,250.0,253.88,100.0,100.0
1773754202000997581,252.84,253.88,100.0,100.0
1773754202004514439,252.85,253.88,100.0,100.0
1773754202004720565,252.85,253.88,200.0,100.0
1773754202004754997,252.85,253.88,100.0,100.0
1773754202004775846,250.0,253.88,100.0,100.0
1773754202004798664,252.84,253.88,100.0,100.0
1773754202005002717,250.0,253.88,100.0,100.0
1773754202005043263,252.85,253.88,100.0,100.0
1773754202005079698,252.84,253.88,100.0,100.0
1773754202005098689,250.0,253.88,100.0,100.0
1773754202006429481,252.83,253.88,100.0,100.0
1773754202007008131,250.0,253.88,100.0,100.0
1773754202007033897,252.83,253.88,100.0,100.0
1773754202007566616,250.0,253.88,100.0,100.0
1773754202007606408,252.83,253.88,100.0,100.0
1773754202008228540,250.0,253.88,100.0,100.0
1773754202008248444,252.84,253.88,100.0,100.0
1773754202049312887,250.0,253.88,100.0,100.0
1773754202049376475,252.84,253.88,100.0,100.0
1773754202054147329,250.0,253.88,100.0,100.0
1773754202055030942,252.88,253.88,100.0,100.0
1773754202055151492,250.0,253.88,100.0,100.0
1773754202131646264,250.0,253.88,100.0,100.0
1773754202134447164,250.0,252.92,100.0,100.0
1773754202134604111,250.0,253.88,100.0,100.0
1773754202135863560,250.0,253.88,100.0,100.0
1773754202146832974,252.86,253.88,100.0,100.0
1773754202146879794,250.0,253.88,100.0,100.0
1773754202146918743,252.86,253.88,100.0,100.0
1773754202146936216,250.0,253.88,100.0,100.0
1773754202153498246,250.0,252.93,100.0,100.0
1773754202154530354,252.83,252.93,100.0,100.0
1773754202155210646,250.0,252.93,100.0,100.0
1773754202155233785,252.83,252.93,100.0,100.0
1773754202155760566,250.0,252.93,100.0,100.0
1773754202155786440,252.83,252.93,100.0,100.0
1773754202156607338,250.0,252.93,100.0,100.0
1773754202156631740,252.84,252.93,100.0,100.0
1773754202170277697,250.0,252.93,100.0,100.0
1773754202186930378,252.84,252.93,100.0,100.0
1773754202187165759,250.0,252.93,100.0,100.0
1773754202248907925,252.84,252.93,100.0,100.0
1773754202261878031,252.84,253.88,100.0,100.0
1773754202262159791,252.84,252.93,100.0,100.0
1773754202266628279,252.84,253.88,100.0,100.0
1773754202266722670,250.0,253.88,100.0,100.0
1773754202266758179,252.84,253.88,100.0,100.0
1773754202267286110,250.0,253.88,100.0,100.0
1773754202267315815,252.84,253.88,100.0,100.0
1773754202268368329,250.0,253.88,100.0,100.0
1773754202268394519,252.84,253.88,100.0,100.0
1773754202269263248,250.0,253.88,100.0,100.0
1773754202269287887,252.84,253.88,100.0,100.0
1773754202269865504,250.0,253.88,100.0,100.0
1773754202269889428,252.85,253.88,100.0,100.0
1773754202316450861,250.0,253.88,100.0,100.0
1773754202316478816,250.0,252.93,100.0,100.0
1773754202317356713,252.84,252.93,100.0,100.0
1773754202344928778,252.84,253.88,100.0,100.0
1773754202415740359,252.84,252.93,100.0,100.0
1773754202416460434,250.0,252.93,100.0,100.0
1773754202417241262,252.84,252.93,100.0,100.0
1773754202422016473,250.0,252.93,100.0,100.0
1773754202434882098,252.84,252.93,100.0,100.0
1773754202435256487,250.0,252.93,100.0,100.0
1773754202435495607,252.84,252.93,100.0,100.0
1773754202448784912,250.0,252.93,100.0,100.0
1773754202462848408,252.84,252.93,100.0,100.0
1773754202482025751,252.84,253.88,100.0,100.0
1773754202482531789,252.84,253.88,100.0,100.0
1773754202562144285,250.0,253.88,100.0,100.0
1773754202562443050,252.84,253.88,100.0,100.0
1773754202562507983,252.84,252.93,100.0,100.0
1773754202562601321,250.0,252.93,100.0,100.0
1773754202562622399,250.0,253.88,100.0,100.0
1773754202562646191,250.0,252.92,100.0,100.0
1773754202563277513,250.0,253.88,100.0,100.0
1773754202563320758,250.0,252.93,100.0,100.0
1773754202563356484,252.83,252.93,100.0,100.0
1773754202564046685,250.0,252.93,100.0,100.0
1773754202564074588,252.83,252.93,100.0,100.0
1773754202565017379,250.0,252.93,100.0,100.0
1773754202565043124,252.84,252.93,100.0,100.0
1773754202570798677,252.84,253.88,100.0,100.0
1773754202871810658,250.0,253.88,100.0,100.0
1773754202871834753,250.0,252.93,100.0,100.0
1773754202913388456,250.0,252.9,100.0,100.0
1773754202913484060,250.0,252.9,100.0,200.0
1773754202913514861,250.0,252.9,100.0,100.0
1773754202913579516,250.0,253.88,100.0,100.0
1773754202913624880,250.0,252.91,100.0,100.0
1773754202914302433,250.0,253.88,100.0,100.0
1773754202914327425,250.0,252.89,100.0,100.0
1773754202915364141,250.0,253.88,100.0,100.0
1773754202915406427,250.0,252.91,100.0,100.0
1773754202917334992,250.0,253.88,100.0,100.0
1773754202917375971,250.0,252.9,100.0,100.0
1773754202943445806,250.0,253.88,100.0,100.0
1773754202943515082,250.0,252.91,100.0,100.0
1773754202953266815,250.0,252.9,100.0,100.0
1773754202953358900,250.0,252.9,100.0,200.0
1773754202953398835,250.0,252.9,100.0,100.0
1773754202953505049,250.0,253.88,100.0,100.0
1773754202953550148,250.0,252.9,100.0,100.0
1773754202953751338,250.0,253.88,100.0,100.0
1773754202953778745,250.0,252.9,100.0,100.0
1773754202954215250,250.0,252.9,100.0,200.0
1773754202954273230,250.0,252.9,100.0,100.0
1773754202954544684,250.0,253.88,100.0,100.0
1773754202954614167,250.0,252.9,100.0,100.0
1773754202954830505,250.0,252.9,100.0,200.0
1773754202954868346,250.0,252.9,100.0,100.0
1773754202954893242,250.0,252.9,100.0,200.0
1773754202954977736,250.0,252.9,100.0,100.0
1773754202955018406,250.0,253.88,100.0,100.0
1773754202955044572,250.0,252.83,100.0,100.0
1773754202955351479,250.0,253.88,100.0,100.0
1773754202955429322,250.0,252.83,100.0,100.0
1773754202955690125,250.0,253.88,100.0,100.0
1773754202994468430,250.0,252.86,100.0,100.0
1773754202994563242,250.0,253.88,100.0,100.0
1773754202994592719,250.0,252.86,100.0,100.0
1773754202994614172,250.0,253.88,100.0,100.0
1773754202994657045,250.0,252.86,100.0,100.0
1773754202994675619,250.0,253.88,100.0,100.0
1773754202994701066,250.0,252.86,100.0,100.0
1773754202994721161,250.0,253.88,100.0,100.0
1773754202994746683,250.0,252.86,100.0,100.0
1773754202994801116,250.0,252.86,100.0,200.0
1773754202994807955,250.0,252.86,100.0,100.0
1773754202996539274,250.0,253.88,100.0,100.0
1773754202996576999,250.0,252.85,100.0,100.0
1773754203010765996,250.0,252.84,100.0,100.0
1773754203010938200,250.0,252.84,100.0,200.0
1773754203011015805,250.0,252.84,100.0,100.0
1773754203011148399,252.74,252.84,100.0,100.0
1773754203011338020,252.74,253.88,100.0,100.0
1773754203011353848,250.0,253.88,100.0,100.0
1773754203011523739,252.76,253.88,100.0,100.0
1773754203011601623,252.76,252.85,100.0,100.0
1773754203011637644,252.76,253.88,100.0,100.0
1773754203011917420,250.0,253.88,100.0,100.0
1773754203011947539,252.77,253.88,100.0,100.0
1773754203012024847,250.0,253.88,100.0,100.0
1773754203012063995,252.76,253.88,100.0,100.0
1773754203012117017,250.0,253.88,100.0,100.0
1773754203012311737,252.76,253.88,100.0,100.0
1773754203012349419,250.0,253.88,100.0,100.0
1773754203012373730,252.78,253.88,100.0,100.0
1773754203012723596,250.0,253.88,100.0,100.0
1773754203014027022,250.0,252.88,100.0,100.0
1773754203014180710,250.0,253.88,100.0,100.0
1773754203014307918,250.0,252.88,100.0,100.0
1773754203014371596,250.0,253.88,100.0,100.0
1773754203014415604,250.0,252.88,100.0,100.0
1773754203027583960,250.0,253.88,100.0,100.0
1773754203027635953,252.81,253.88,100.0,100.0
1773754203027663247,252.81,252.9,100.0,100.0
1773754203029917232,250.0,252.9,100.0,100.0
1773754203079079083,250.0,253.88,100.0,100.0
1773754203079109138,250.0,252.89,100.0,100.0
1773754203079395862,250.0,253.88,100.0,100.0
1773754203079709838,252.82,253.88,100.0,100.0
1773754203079873894,250.0,253.88,100.0,100.0
1773754203079931293,252.82,253.88,100.0,100.0
1773754203080078615,250.0,253.88,100.0,100.0
1773754203088328400,250.0,252.88,100.0,100.0
1773754203088413692,250.0,253.88,100.0,100.0
1773754203088439870,252.78,253.88,100.0,100.0
1773754203088465086,252.78,252.88,100.0,100.0
1773754203158710667,252.78,253.88,100.0,100.0
1773754203166604857,252.78,252.88,100.0,100.0
1773754203263203427,252.75,252.88,100.0,100.0
1773754203263283373,252.75,252.88,200.0,100.0
1773754203263288839,252.75,252.88,100.0,100.0
1773754203263675488,250.0,252.88,100.0,100.0
1773754203263715993,250.0,253.35,100.0,100.0
1773754203263774825,250.0,252.86,100.0,100.0
1773754203263814545,252.75,252.86,100.0,100.0
1773754203264145780,250.0,252.86,100.0,100.0
1773754203264187347,252.75,252.86,100.0,100.0
1773754203264872301,252.75,253.35,100.0,100.0
1773754203264899053,252.75,252.86,100.0,100.0
1773754203266132604,252.75,253.35,100.0,100.0
1773754203266158829,252.75,252.85,100.0,100.0
1773754203322927439,252.72,252.85,100.0,100.0
1773754203323219029,250.0,252.85,100.0,100.0
1773754203323254904,252.72,252.85,100.0,100.0
1773754203324314046,250.0,252.85,100.0,100.0
1773754203324333524,252.72,252.85,100.0,100.0
1773754203325426589,250.0,252.85,100.0,100.0
1773754203325453524,252.73,252.85,100.0,100.0
1773754203325570013,250.0,252.85,100.0,100.0
1773754203325597802,252.73,252.85,100.0,100.0
1773754203326475329,250.0,252.85,100.0,100.0
1773754203326500062,252.73,252.85,100.0,100.0
1773754203327377737,250.0,252.85,100.0,100.0
1773754203327401125,252.74,252.85,100.0,100.0
1773754203396827239,252.73,252.85,100.0,100.0
1773754203397092974,250.0,252.85,100.0,100.0
1773754203397214638,250.0,253.35,100.0,100.0
1773754203397258671,250.0,252.84,100.0,100.0
1773754203397478732,252.72,252.84,100.0,100.0
1773754203397512799,250.0,252.84,100.0,100.0
1773754203397712808,250.0,252.83,100.0,100.0
1773754203397774865,250.0,252.83,100.0,200.0
1773754203397808584,250.0,252.83,100.0,100.0
1773754203398124143,250.0,253.35,100.0,100.0
1773754203398237494,250.0,252.83,100.0,100.0
1773754203398601695,250.0,252.83,100.0,200.0
1773754203398632406,250.0,252.83,100.0,100.0
1773754203398658842,250.0,252.83,100.0,200.0
1773754203398692732,250.0,252.83,100.0,100.0
1773754203398776046,250.0,252.83,100.0,200.0
1773754203398783137,250.0,252.83,100.0,100.0
1773754203399223787,250.0,253.35,100.0,100.0
1773754203399254590,250.0,252.72,100.0,100.0
1773754203399549874,250.0,252.69,100.0,100.0
1773754203399659357,250.0,252.72,100.0,100.0
1773754203399677073,250.0,253.35,100.0,100.0
1773754203399720869,250.0,252.7,100.0,100.0
1773754203399780222,250.0,253.35,100.0,100.0
1773754203399859675,252.64,253.35,100.0,100.0
1773754203400151810,250.0,253.35,100.0,100.0
1773754203400179424,252.64,253.35,100.0,100.0
1773754203400783099,250.0,253.35,100.0,100.0
1773754203400809030,252.64,253.35,100.0,100.0
1773754203401710004,250.0,253.35,100.0,100.0
1773754203401737983,252.64,253.35,100.0,100.0
1773754203402380145,250.0,253.35,100.0,100.0
1773754203402407043,252.64,253.35,100.0,100.0
1773754203402951820,250.0,253.35,100.0,100.0
1773754203402977724,252.64,253.35,100.0,100.0
1773754203403661559,250.0,253.35,100.0,100.0
1773754203403685875,252.64,253.35,100.0,100.0
1773754203404639939,250.0,253.35,100.0,100.0
1773754203404664643,252.65,253.35,100.0,100.0
1773754203412818830,252.66,253.35,100.0,100.0
1773754203412934831,252.66,253.35,200.0,100.0
1773754203412963632,252.66,253.35,100.0,100.0
1773754203413517574,250.0,253.35,100.0,100.0
1773754203413567635,252.66,253.35,100.0,100.0
1773754203415001283,250.0,253.35,100.0,100.0
1773754203415025679,252.67,253.35,100.0,100.0
1773754203417092446,250.0,253.35,100.0,100.0
1773754203417128172,250.0,252.73,100.0,100.0
1773754203417416220,250.0,252.74,100.0,100.0
1773754203417514450,250.0,253.35,100.0,100.0
1773754203417615484,250.0,252.74,100.0,100.0
1773754203418477006,250.0,253.35,100.0,100.0
1773754203418700814,252.66,253.35,100.0,100.0
1773754203419380479,250.0,253.35,100.0,100.0
1773754203419405841,252.66,253.35,100.0,100.0
1773754203420403568,250.0,253.35,100.0,100.0
1773754203420476092,252.67,253.35,100.0,100.0
1773754203422500090,252.67,252.76,100.0,100.0
1773754203422565899,252.67,253.35,100.0,100.0
1773754203439997662,252.67,252.75,100.0,100.0
1773754203442078142,252.67,252.76,100.0,100.0
1773754203442296149,252.66,252.76,100.0,100.0
1773754203442381230,252.66,253.35,100.0,100.0
1773754203442458897,252.66,252.77,100.0,100.0
1773754203442479754,252.66,253.35,100.0,100.0
1773754203442503764,252.66,252.76,100.0,100.0
1773754203443549283,252.66,253.35,100.0,100.0
1773754203443568661,250.0,253.35,100.0,100.0
1773754203443596296,252.66,253.35,100.0,100.0
1773754203443622746,252.66,252.76,100.0,100.0
1773754203444660496,250.0,252.76,100.0,100.0
1773754203444678895,250.0,253.35,100.0,100.0
1773754203444705472,250.0,252.75,100.0,100.0
1773754203444725765,252.67,252.75,100.0,100.0
1773754203494675439,250.0,252.75,100.0,100.0
1773754203495200385,252.67,252.75,100.0,100.0
1773754203495221475,250.0,252.75,100.0,100.0
1773754203503141743,252.67,252.75,100.0,100.0
1773754203503740760,250.0,252.75,100.0,100.0
1773754203526137506,250.0,253.35,100.0,100.0
1773754203540320272,250.0,252.75,100.0,100.0
1773754203546955361,250.0,252.73,100.0,100.0
1773754203547065636,250.0,253.35,100.0,100.0
1773754203547090959,250.0,252.74,100.0,100.0
1773754203547433412,250.0,253.35,100.0,100.0
1773754203547453476,250.0,252.73,100.0,100.0
1773754203547472362,250.0,253.35,100.0,100.0
1773754203547495077,250.0,252.74,100.0,100.0
1773754203547798643,250.0,253.35,100.0,100.0
1773754203547820473,250.0,252.73,100.0,100.0
1773754203551561488,250.0,253.35,100.0,100.0
1773754203551651951,250.0,252.74,100.0,100.0
1773754203551910046,250.0,253.35,100.0,100.0
1773754203551946853,250.0,252.76,100.0,100.0
1773754203554011418,250.0,253.35,100.0,100.0
1773754203554051613,250.0,252.74,100.0,100.0
1773754203573241959,250.0,252.72,100.0,100.0
1773754203573503150,250.0,252.73,100.0,100.0
1773754203573726457,250.0,253.35,100.0,100.0
1773754203573763636,250.0,252.72,100.0,100.0
1773754203573795071,250.0,253.35,100.0,100.0
1773754203573819282,250.0,252.73,100.0,100.0
1773754203574086848,250.0,253.35,100.0,100.0
1773754203574109417,250.0,252.72,100.0,100.0
1773754203577480902,250.0,252.75,100.0,100.0
1773754203577758726,250.0,253.35,100.0,100.0
1773754203577790922,250.0,252.75,100.0,100.0
1773754203577815379,250.0,253.35,100.0,100.0
1773754203577842416,250.0,252.75,100.0,100.0
1773754203578041414,250.0,253.35,100.0,100.0
1773754203578065764,250.0,252.75,100.0,100.0
1773754203578271291,250.0,253.35,100.0,100.0
1773754203578295871,250.0,252.75,100.0,100.0
1773754203578335702,250.0,253.35,100.0,100.0
1773754203578361420,250.0,252.75,100.0,100.0
1773754203578866643,250.0,253.35,100.0,100.0
1773754203578892159,250.0,252.75,100.0,100.0
1773754203579519018,250.0,252.75,100.0,200.0
1773754203579526234,250.0,252.75,100.0,100.0
1773754203580520573,250.0,253.35,100.0,100.0
1773754203580543652,250.0,252.72,100.0,100.0
1773754203581340217,250.0,253.35,100.0,100.0
1773754203581365353,250.0,252.74,100.0,100.0
1773754203591987324,250.0,253.35,100.0,100.0
1773754203637139340,252.67,253.35,100.0,100.0
1773754203642460880,250.0,253.35,100.0,100.0
1773754203689913743,250.0,252.72,100.0,100.0
1773754203690046351,250.0,253.35,100.0,100.0
1773754203690081210,250.0,252.72,100.0,100.0
1773754203690122610,252.6,252.72,100.0,100.0
1773754203690156937,252.6,253.35,100.0,100.0
1773754203690185940,252.6,252.72,100.0,100.0
1773754203690203516,252.6,253.35,100.0,100.0
1773754203690230853,252.6,252.72,100.0,100.0
1773754203690259272,250.0,252.72,100.0,100.0
1773754203690449751,250.0,253.35,100.0,100.0
1773754203690476437,250.0,252.72,100.0,100.0
1773754203691529011,250.0,253.35,100.0,100.0
1773754203691555139,250.0,252.7,100.0,100.0
1773754203692096239,250.0,253.35,100.0,100.0
1773754203692123575,250.0,252.7,100.0,100.0
1773754203693129136,250.0,253.35,100.0,100.0
1773754203693154260,250.0,252.7,100.0,100.0
1773754203693950998,250.0,253.35,100.0,100.0
1773754203693975674,250.0,252.69,100.0,100.0
1773754203693990294,252.6,252.69,100.0,100.0
1773754203697136629,250.0,252.69,100.0,100.0
1773754203710843760,252.59,252.69,100.0,100.0
1773754203711877607,250.0,252.69,100.0,100.0
1773754203711894768,252.59,252.69,100.0,100.0
1773754203712121800,252.59,252.7,100.0,100.0
1773754203712867732,252.59,253.35,100.0,100.0
1773754203712892059,252.6,253.35,100.0,100.0
1773754203712928642,252.6,252.7,100.0,100.0
1773754203714004858,252.6,252.7,100.0,200.0
1773754203714011833,252.6,252.7,100.0,100.0
1773754203715114297,252.6,253.35,100.0,100.0
1773754203715140549,252.6,252.69,100.0,100.0
1773754203755555366,252.6,252.7,100.0,100.0
1773754203756383287,252.6,253.35,100.0,100.0
1773754203756411794,252.6,252.7,100.0,100.0
1773754203757089617,252.6,253.35,100.0,100.0
1773754203757115504,252.6,252.7,100.0,100.0
1773754203757728646,252.6,253.35,100.0,100.0
1773754203807803953,252.6,252.69,100.0,100.0
1773754203833698377,252.6,252.7,100.0,100.0
1773754203834952796,252.6,253.35,100.0,100.0
1773754203878804973,252.6,252.7,100.0,100.0
1773754203878833978,250.0,252.7,100.0,100.0
1773754203878937725,252.61,252.7,100.0,100.0
1773754203880815163,252.61,252.71,100.0,100.0
1773754203880938703,252.6,252.71,100.0,100.0
1773754203881184164,252.6,253.35,100.0,100.0
1773754203881211883,252.6,252.75,100.0,100.0
1773754203881282250,252.6,253.35,100.0,100.0
1773754203881310427,252.6,252.71,100.0,100.0
1773754203882201557,250.0,252.71,100.0,100.0
1773754203882228230,250.0,253.35,100.0,100.0
1773754203882255738,250.0,252.71,100.0,100.0
1773754203882283992,252.6,252.71,100.0,100.0
1773754203883282996,252.6,253.35,100.0,100.0
1773754203883303572,250.0,253.35,100.0,100.0
1773754203883331125,252.6,253.35,100.0,100.0
1773754203883356114,252.6,252.7,100.0,100.0
1773754203884385460,250.0,252.7,100.0,100.0
1773754203884409955,252.61,252.7,100.0,100.0
1773754203899073345,252.61,253.35,100.0,100.0
1773754203900303596,250.0,253.35,100.0,100.0
1773754203900443448,252.64,253.35,100.0,100.0
1773754203900476889,250.0,253.35,100.0,100.0
1773754203900503728,252.64,253.35,100.0,100.0
1773754203900576298,250.0,253.35,100.0,100.0
1773754203900630637,252.64,253.35,100.0,100.0
1773754203900787258,250.0,253.35,100.0,100.0
1773754203900810361,252.64,253.35,100.0,100.0
1773754203902488355,252.63,253.35,100.0,100.0
1773754203902679268,250.0,253.35,100.0,100.0
1773754203902700571,250.0,252.8,100.0,100.0
1773754203902729006,252.63,252.8,100.0,100.0
1773754203902748180,252.63,253.35,100.0,100.0
1773754203902806141,250.0,253.35,100.0,100.0
1773754203902845881,250.0,252.8,100.0,100.0
1773754203902867698,252.63,252.8,100.0,100.0
1773754203902898128,252.63,253.35,100.0,100.0
1773754203902920974,252.63,252.78,100.0,100.0
1773754203902984318,250.0,252.78,100.0,100.0
1773754203903015840,252.63,252.78,100.0,100.0
1773754203903050447,250.0,252.78,100.0,100.0
1773754203903076456,252.63,252.78,100.0,100.0
1773754203903096723,250.0,252.78,100.0,100.0
1773754203903135389,252.63,252.78,100.0,100.0
1773754203903155448,250.0,252.78,100.0,100.0
1773754203903656364,252.63,252.78,100.0,100.0
1773754203903686415,250.0,252.78,100.0,100.0
1773754203905525370,252.66,252.78,100.0,100.0
1773754203906380921,250.0,252.78,100.0,100.0
1773754203906402593,252.66,252.78,100.0,100.0
1773754203907640726,250.0,252.78,100.0,100.0
1773754203907664881,252.67,252.78,100.0,100.0
1773754203922263086,252.67,253.35,100.0,100.0
1773754203922771858,252.67,252.78,100.0,100.0
1773754203923030475,252.67,253.35,100.0,100.0
1773754203953353147,250.0,253.35,100.0,100.0
1773754203953382490,252.67,253.35,100.0,100.0
1773754203954540880,250.0,253.35,100.0,100.0
1773754203954569052,252.67,253.35,100.0,100.0
1773754203955485412,250.0,253.35,100.0,100.0
1773754203955510903,252.68,253.35,100.0,100.0
1773754203985110451,252.68,252.78,100.0,100.0
1773754203985412594,250.0,252.78,100.0,100.0
1773754203985635837,252.63,252.78,100.0,100.0
1773754204031167768,252.63,253.35,100.0,100.0
1773754204031189667,250.0,253.35,100.0,100.0
1773754204032241301,250.0,252.78,100.0,100.0
1773754204063334232,250.0,253.35,100.0,100.0
1773754204063597909,252.63,253.35,100.0,100.0
1773754204063630869,252.63,252.78,100.0,100.0
1773754204178803580,250.0,252.78,100.0,100.0
1773754204179412218,250.0,252.78,100.0,100.0
1773754204179435531,250.0,253.35,100.0,100.0
1773754204179609504,252.62,253.35,100.0,100.0
1773754204179693753,252.59,253.35,100.0,100.0
1773754204179828189,250.0,253.35,100.0,100.0
1773754204180124975,250.0,252.7,100.0,100.0
1773754204180435517,250.0,253.35,100.0,100.0
1773754204180683435,250.0,252.68,100.0,100.0
1773754204180938357,250.0,253.35,100.0,100.0
1773754204181021724,250.0,252.68,100.0,100.0
1773754204181045330,250.0,253.35,100.0,100.0
1773754204181070934,250.0,252.68,100.0,100.0
1773754204181626005,250.0,253.35,100.0,100.0
1773754204181655564,250.0,252.68,100.0,100.0
1773754204182213679,250.0,253.35,100.0,100.0
1773754204182773829,252.58,253.35,100.0,100.0
1773754204183199554,250.0,253.35,100.0,100.0
1773754204183310277,252.58,253.35,100.0,100.0
1773754204183336314,250.0,253.35,100.0,100.0
1773754204183473534,250.0,252.69,100.0,100.0
1773754204183500064,252.58,252.69,100.0,100.0
1773754204183533599,250.0,252.69,100.0,100.0
1773754204195569429,252.59,252.69,100.0,100.0
1773754204201264970,250.0,252.69,100.0,100.0
1773754204297300608,252.6,252.69,100.0,100.0
1773754204299373190,252.6,252.7,100.0,100.0
1773754204300087822,252.6,253.35,100.0,100.0
1773754204300118242,252.6,252.7,100.0,100.0
1773754204300555250,250.0,252.7,100.0,100.0
1773754204301670633,250.0,253.35,100.0,100.0
1773754204301697633,250.0,252.69,100.0,100.0
1773754204410173002,250.0,253.35,100.0,100.0
1773754204410235320,250.0,252.7,100.0,100.0
1773754204410272028,252.6,252.7,100.0,100.0
1773754204454989833,252.6,252.71,100.0,100.0
1773754204455042732,252.6,253.35,100.0,100.0
1773754204455238976,250.0,253.35,100.0,100.0
1773754204455319522,252.63,253.35,100.0,100.0
1773754204455501342,252.63,252.76,100.0,100.0
1773754204455570997,252.63,253.35,100.0,100.0
1773754204455732196,250.0,253.35,100.0,100.0
1773754204455780692,252.65,253.35,100.0,100.0
1773754204455829266,250.0,253.35,100.0,100.0
1773754204455854400,250.0,252.72,100.0,100.0
1773754204456552505,250.0,253.35,100.0,100.0
1773754204456595942,250.0,252.72,100.0,100.0
1773754204457305937,250.0,253.35,100.0,100.0
1773754204457358519,250.0,252.72,100.0,100.0
1773754204458059732,250.0,253.35,100.0,100.0
1773754204458085715,250.0,252.72,100.0,100.0
1773754204459000328,250.0,253.35,100.0,100.0
1773754204459023022,250.0,252.71,100.0,100.0
1773754204460613300,250.0,252.69,100.0,100.0
1773754204460685546,250.0,252.71,100.0,100.0
1773754204460716373,250.0,253.35,100.0,100.0
1773754204460739275,250.0,252.7,100.0,100.0
1773754204460955502,250.0,253.35,100.0,100.0
1773754204461001957,250.0,252.69,100.0,100.0
1773754204463858154,252.59,252.69,100.0,100.0
1773754204467282651,252.59,252.7,100.0,100.0
1773754204467963452,252.59,253.35,100.0,100.0
1773754204467987736,252.59,252.7,100.0,100.0
1773754204471718858,250.0,252.7,100.0,100.0
1773754204471827895,250.0,252.67,100.0,100.0
1773754204471962505,250.0,253.35,100.0,100.0
1773754204472047985,250.0,252.69,100.0,100.0
1773754204472351717,250.0,253.35,100.0,100.0
1773754204472422393,250.0,252.65,100.0,100.0
1773754204472836449,250.0,253.35,100.0,100.0
1773754204472859007,250.0,252.62,100.0,100.0
1773754204472943633,250.0,252.6,100.0,100.0
1773754204474910016,250.0,252.61,100.0,100.0
1773754204475451184,250.0,253.35,100.0,100.0
1773754204475736444,250.0,252.61,100.0,100.0
1773754204477031370,250.0,252.6,100.0,100.0
1773754204480525233,250.0,252.59,100.0,100.0
1773754204481036103,250.0,252.59,100.0,200.0
1773754204481043343,250.0,252.59,100.0,100.0
1773754204481226687,250.0,252.6,100.0,100.0
1773754204481455137,250.0,253.35,100.0,100.0
1773754204481478790,250.0,252.59,100.0,100.0
1773754204505001717,250.0,252.6,100.0,100.0
1773754204505277412,252.56,252.6,100.0,100.0
1773754204505450225,252.56,253.35,100.0,100.0
1773754204505533423,250.0,253.35,100.0,100.0
1773754204505998199,250.0,252.63,100.0,100.0
1773754204506053476,250.0,253.35,100.0,100.0
1773754204555815179,252.55,253.35,100.0,100.0
1773754204555940676,252.55,252.65,100.0,100.0
1773754204555987866,252.55,253.35,100.0,100.0
1773754204556067506,252.55,252.65,100.0,100.0
1773754204556172670,252.55,252.65,200.0,100.0
1773754204556181051,252.55,252.65,100.0,100.0
1773754204556213287,250.0,252.65,100.0,100.0
1773754204556235006,250.0,253.35,100.0,100.0
1773754204556257490,250.0,252.65,100.0,100.0
1773754204556281381,252.55,252.65,100.0,100.0
1773754204556430742,252.55,253.35,100.0,100.0
1773754204556457506,252.55,252.65,100.0,100.0
1773754204557442713,252.55,253.35,100.0,100.0
1773754204557469903,252.55,252.65,100.0,100.0
1773754204558564373,252.55,253.35,100.0,100.0
1773754204558604247,252.55,252.64,100.0,100.0
1773754204558926626,252.55,253.35,100.0,100.0
1773754204558948988,252.55,252.65,100.0,100.0
1773754204560229235,252.55,252.66,100.0,100.0
1773754204560275651,252.54,252.66,100.0,100.0
1773754204560905013,252.54,253.35,100.0,100.0
1773754204560924999,250.0,253.35,100.0,100.0
1773754204560952888,252.54,253.35,100.0,100.0
1773754204560979643,252.54,252.66,100.0,100.0
1773754204561822100,252.54,253.35,100.0,100.0
1773754204561840898,250.0,253.35,100.0,100.0
1773754204561867147,250.0,252.66,100.0,100.0
1773754204561894235,252.54,252.66,100.0,100.0
1773754204562707353,250.0,252.66,100.0,100.0
1773754204562726081,250.0,253.35,100.0,100.0
1773754204562752040,252.55,253.35,100.0,100.0
1773754204562774444,252.55,252.65,100.0,100.0
1773754204608255623,252.55,252.66,100.0,100.0
1773754204608539156,252.6,252.66,100.0,100.0
1773754204608744604,252.6,253.35,100.0,100.0
1773754204609059742,250.0,253.35,100.0,100.0
1773754204609108916,252.6,253.35,100.0,100.0
1773754204609237982,252.6,252.68,100.0,100.0
1773754204610193519,250.0,252.68,100.0,100.0
1773754204610211333,250.0,253.35,100.0,100.0
1773754204610237558,250.0,252.68,100.0,100.0
1773754204610263277,252.6,252.68,100.0,100.0
1773754204610952990,250.0,252.68,100.0,100.0
1773754204610972091,250.0,253.35,100.0,100.0
1773754204610995912,252.61,253.35,100.0,100.0
1773754204611043142,250.0,253.35,100.0,100.0
1773754204611065896,252.6,253.35,100.0,100.0
1773754204628565754,250.0,253.35,100.0,100.0
1773754204630512133,252.55,253.35,100.0,100.0
1773754204630537961,252.55,252.67,100.0,100.0
1773754204642373839,252.55,253.35,100.0,100.0
1773754204658837755,252.62,253.35,100.0,100.0
1773754204658918918,250.0,253.35,100.0,100.0
1773754204658970328,252.62,253.35,100.0,100.0
1773754204658993733,252.62,252.72,100.0,100.0
1773754204659650756,250.0,252.72,100.0,100.0
1773754204659677286,252.62,252.72,100.0,100.0
1773754204661020089,250.0,252.72,100.0,100.0
1773754204661045278,252.63,252.72,100.0,100.0
1773754204678855090,250.0,252.72,100.0,100.0
1773754204709264417,250.0,253.35,100.0,100.0
1773754204709292299,250.0,253.35,100.0,100.0
1773754204709338755,250.0,252.75,100.0,100.0
1773754204709899154,250.0,253.35,100.0,100.0
1773754204710825304,250.0,252.75,100.0,100.0
1773754204793972095,250.0,253.35,100.0,100.0
1773754204794067049,252.54,253.35,100.0,100.0
1773754204795381616,250.0,253.35,100.0,100.0
1773754204795414193,252.54,253.35,100.0,100.0
1773754204796383202,250.0,253.35,100.0,100.0
1773754204796418056,252.54,253.35,100.0,100.0
1773754204797295874,250.0,253.35,100.0,100.0
1773754204797321102,252.55,253.35,100.0,100.0
1773754204799919906,250.0,253.35,100.0,100.0
1773754204799943934,252.56,253.35,100.0,100.0
1773754204800810889,250.0,253.35,100.0,100.0
1773754204800834548,252.56,253.35,100.0,100.0
1773754204801815858,250.0,253.35,100.0,100.0
1773754204801838439,252.57,253.35,100.0,100.0
1773754204817076918,252.59,253.35,100.0,100.0
1773754204854819456,252.59,253.35,200.0,100.0
1773754204868433383,252.59,253.35,100.0,100.0
1773754204891951347,252.59,252.7,100.0,100.0
1773754204892140859,252.56,252.7,100.0,100.0
1773754204892645305,252.56,252.7,200.0,100.0
1773754204893557983,252.56,252.7,100.0,100.0
1773754204893572083,252.56,252.7,200.0,100.0
1773754204894451688,252.56,252.7,100.0,100.0
1773754204894478093,252.57,252.7,100.0,100.0
1773754205128516082,252.57,252.71,100.0,100.0
1773754205128937684,252.61,252.71,100.0,100.0
1773754205128959402,252.61,253.35,100.0,100.0
1773754205129098372,252.61,253.35,200.0,100.0
1773754205129129777,252.61,253.35,100.0,100.0
1773754205129787430,252.61,253.35,200.0,100.0
1773754205129791480,252.61,253.35,100.0,100.0
1773754205129849987,250.0,253.35,100.0,100.0
1773754205132121507,250.0,252.78,100.0,100.0
1773754205137315242,252.64,252.78,100.0,100.0
1773754205148862953,250.0,252.78,100.0,100.0
1773754205252900213,250.0,253.35,100.0,100.0
1773754205379424864,250.0,252.85,100.0,100.0
1773754205398005417,250.0,253.35,100.0,100.0
1773754205399216485,250.0,252.82,100.0,100.0
1773754205400217591,250.0,253.35,100.0,100.0
1773754205400241565,250.0,252.81,100.0,100.0
1773754205443447070,250.0,252.76,100.0,100.0
1773754205443610241,252.54,252.76,100.0,100.0
1773754205443629157,252.54,253.35,100.0,100.0
1773754205443656095,252.54,252.76,100.0,100.0
1773754205443716482,250.0,252.76,100.0,100.0
1773754205443946374,250.0,253.35,100.0,100.0
1773754205443971681,250.0,252.75,100.0,100.0
1773754205621124909,252.55,252.75,100.0,100.0
1773754205621158747,252.55,253.35,100.0,100.0
1773754205721873876,250.0,253.35,100.0,100.0
1773754205722775475,250.0,252.75,100.0,100.0
1773754205826438184,250.0,253.35,100.0,100.0
1773754205826491123,250.0,252.71,100.0,100.0
1773754205827343300,250.0,253.35,100.0,100.0
1773754205897519301,250.0,252.71,100.0,100.0
1773754205901081297,250.0,253.35,100.0,100.0
1773754205906792503,250.0,252.71,100.0,100.0
1773754205907177039,252.55,252.71,100.0,100.0
1773754206000680057,252.55,252.72,100.0,100.0
1773754206000980739,252.66,252.72,100.0,100.0
1773754206001195011,252.66,253.35,100.0,100.0
1773754206001282400,250.0,253.35,100.0,100.0
1773754206001534345,252.66,253.35,100.0,100.0
1773754206001673757,250.0,253.35,100.0,100.0
1773754206005321725,250.0,252.68,100.0,100.0
1773754206005535533,250.0,253.35,100.0,100.0
1773754206027078775,252.62,253.35,100.0,100.0
1773754206051307157,252.65,253.35,100.0,100.0
1773754206051478053,250.0,253.35,100.0,100.0
1773754206051570775,252.65,253.35,100.0,100.0
1773754206051771058,250.0,253.35,100.0,100.0
1773754206052038897,252.63,253.35,100.0,100.0
1773754206052080959,250.0,253.35,100.0,100.0
1773754206052107165,252.64,253.35,100.0,100.0
1773754206052127165,250.0,253.35,100.0,100.0
1773754206052233578,252.64,253.35,100.0,100.0
1773754206052259391,250.0,253.35,100.0,100.0
1773754206052299033,252.64,253.35,100.0,100.0
1773754206052412395,250.0,253.35,100.0,100.0
1773754206056587829,250.0,252.75,100.0,100.0
1773754206056678065,250.0,253.35,100.0,100.0
1773754206056758274,250.0,252.75,100.0,100.0
1773754206056780581,250.0,253.35,100.0,100.0
1773754206056804478,250.0,252.74,100.0,100.0
1773754206057919252,252.63,252.74,100.0,100.0
1773754206058123444,252.63,253.35,100.0,100.0
1773754206058145943,252.63,252.73,100.0,100.0
1773754206058516668,250.0,252.73,100.0,100.0
1773754206058542549,252.63,252.73,100.0,100.0
1773754206059614628,250.0,252.73,100.0,100.0
1773754206059639942,252.63,252.73,100.0,100.0
1773754206060705154,250.0,252.73,100.0,100.0
1773754206060728424,252.64,252.73,100.0,100.0
1773754206070868355,250.0,252.73,100.0,100.0
1773754206071106989,250.0,252.71,100.0,100.0
1773754206071184666,250.0,252.71,100.0,100.0
1773754206071204164,250.0,252.71,100.0,200.0
1773754206071211488,250.0,252.71,100.0,100.0
1773754206232254982,250.0,253.35,100.0,100.0
1773754206232291983,252.64,253.35,100.0,100.0
1773754206292308898,250.0,253.35,100.0,100.0
1773754206292354746,250.0,252.71,100.0,100.0
1773754206379333102,250.0,252.68,100.0,100.0
1773754206379474334,252.54,252.68,100.0,100.0
1773754206379515213,252.54,252.69,100.0,100.0
1773754206379831569,252.54,253.35,100.0,100.0
1773754206379896597,252.54,252.69,100.0,100.0
1773754206379916857,252.54,253.35,100.0,100.0
1773754206379943004,252.54,252.69,100.0,100.0
1773754206379981022,250.0,252.69,100.0,100.0
1773754206379999950,250.0,253.35,100.0,100.0
1773754206380053098,250.0,252.69,100.0,100.0
1773754206380085270,252.55,252.69,100.0,100.0
1773754206380121723,250.0,252.69,100.0,100.0
1773754206380218199,252.55,252.69,100.0,100.0
1773754206380347738,252.55,253.35,100.0,100.0
1773754206380403419,250.0,253.35,100.0,100.0
1773754206380473020,252.64,253.35,100.0,100.0
1773754206380586129,250.0,253.35,100.0,100.0
1773754206380626494,252.65,253.35,100.0,100.0
1773754206380833713,250.0,253.35,100.0,100.0
1773754206381035370,250.0,252.74,100.0,100.0
1773754206383221818,250.0,253.35,100.0,100.0
1773754206385833880,250.0,252.74,100.0,100.0
1773754206390998918,250.0,253.35,100.0,100.0
1773754206391025812,252.66,253.35,100.0,100.0
1773754206391582471,250.0,253.35,100.0,100.0
1773754206392114033,250.0,253.35,100.0,100.0
1773754206414629463,250.0,252.74,100.0,100.0
1773754206414718662,252.66,252.74,100.0,100.0
1773754206421823319,252.66,253.35,100.0,100.0
1773754206423461008,252.66,252.74,100.0,100.0
1773754206425299732,252.66,253.35,100.0,100.0
1773754206430583661,252.7,253.35,100.0,100.0
1773754206430724119,250.0,253.35,100.0,100.0
1773754206430748771,252.73,253.35,100.0,100.0
1773754206430781291,252.72,253.35,100.0,100.0
1773754206430895760,250.0,253.35,100.0,100.0
1773754206431225470,252.7,253.35,100.0,100.0
1773754206431283119,250.0,253.35,100.0,100.0
1773754206431380041,252.71,253.35,100.0,100.0
1773754206431541387,250.0,253.35,100.0,100.0
1773754206433351980,250.0,252.76,100.0,100.0
1773754206433490599,250.0,253.35,100.0,100.0
1773754206433992069,250.0,252.76,100.0,100.0
1773754206435041718,250.0,253.35,100.0,100.0
1773754206447783009,250.0,252.75,100.0,100.0
1773754206447957265,250.0,252.74,100.0,100.0
1773754206448087467,250.0,252.75,100.0,100.0
1773754206449223832,250.0,253.35,100.0,100.0
1773754206449251560,250.0,252.73,100.0,100.0
1773754206450576256,252.66,252.73,100.0,100.0
1773754206496713742,252.66,252.73,100.0,200.0
1773754206496816617,250.0,252.73,100.0,200.0
1773754206496824062,250.0,252.73,100.0,100.0
1773754206496838846,250.0,252.73,100.0,200.0
1773754206496865050,250.0,252.73,100.0,100.0
1773754206496909389,250.0,253.35,100.0,100.0
1773754206496930626,252.66,253.35,100.0,100.0
1773754206496955722,250.0,253.35,100.0,100.0
1773754206496996546,252.69,253.35,100.0,100.0
1773754206497062062,252.68,253.35,100.0,100.0
1773754206497458144,250.0,253.35,100.0,100.0
1773754206497481989,252.66,253.35,100.0,100.0
1773754206497510971,252.65,253.35,100.0,100.0
1773754206497558908,250.0,253.35,100.0,100.0
1773754206497965062,252.65,253.35,100.0,100.0
1773754206498928991,250.0,253.35,100.0,100.0
1773754206498953781,252.65,253.35,100.0,100.0
1773754206499792312,250.0,253.35,100.0,100.0
1773754206499816819,252.66,253.35,100.0,100.0
1773754206502707505,250.0,253.35,100.0,100.0
1773754206504600039,252.61,253.35,100.0,100.0
1773754206527630558,250.0,253.35,100.0,100.0
1773754206528123729,250.0,252.72,100.0,100.0
1773754206528640974,250.0,252.7,100.0,100.0
1773754206528761831,250.0,252.7,100.0,100.0
1773754206528862089,250.0,252.69,100.0,100.0
1773754206528889893,252.6,252.69,100.0,100.0
1773754206528931524,252.6,253.35,100.0,100.0
1773754206528951211,250.0,253.35,100.0,100.0
1773754206529074974,250.0,252.69,100.0,100.0
1773754206529271228,250.0,253.35,100.0,100.0
1773754206529442040,252.53,253.35,100.0,100.0
1773754206529526780,250.0,253.35,100.0,100.0
1773754206529899888,252.6,253.35,100.0,100.0
1773754206529919926,250.0,253.35,100.0,100.0
1773754206530003494,252.6,253.35,100.0,100.0
1773754206530033410,250.0,253.35,100.0,100.0
1773754206530256389,252.6,253.35,100.0,100.0
1773754206530737198,250.0,253.35,100.0,100.0
1773754206530782551,252.6,253.35,100.0,100.0
1773754206531763495,250.0,253.35,100.0,100.0
1773754206531789956,252.62,253.35,100.0,100.0
1773754206547172991,252.63,253.35,100.0,100.0
1773754206547212022,252.62,253.35,100.0,100.0
1773754206547233704,250.0,253.35,100.0,100.0
1773754206547286535,252.63,253.35,100.0,100.0
1773754206547341982,250.0,253.35,100.0,100.0
1773754206547371064,252.63,253.35,100.0,100.0
1773754206547706055,252.67,253.35,100.0,100.0
1773754206547824777,250.0,253.35,100.0,100.0
1773754206547934822,250.0,252.72,100.0,100.0
1773754206548015799,250.0,253.35,100.0,100.0
1773754206563364994,250.0,252.74,100.0,100.0
1773754206563431432,250.0,253.35,100.0,100.0
1773754206567191058,252.58,253.35,100.0,100.0
1773754206579288101,252.66,253.35,100.0,100.0
1773754206579434461,250.0,253.35,100.0,100.0
1773754206579487759,252.66,253.35,100.0,100.0
1773754206579509602,250.0,253.35,100.0,100.0
1773754206579654379,250.0,252.75,100.0,100.0
1773754206597907127,250.0,253.35,100.0,100.0
1773754206597938964,250.0,253.35,100.0,100.0
1773754206630184879,252.7,253.35,100.0,100.0
1773754206630334552,252.71,253.35,100.0,100.0
1773754206630409084,252.65,253.35,100.0,100.0
1773754206630585996,252.65,253.35,200.0,100.0
1773754206630616672,252.65,253.35,100.0,100.0
1773754206630661273,252.65,253.35,200.0,100.0
1773754206630739949,252.65,253.35,100.0,100.0
1773754206630787725,250.0,253.35,100.0,100.0
1773754206630902665,252.65,253.35,100.0,100.0
1773754206631034337,250.0,253.35,100.0,100.0
1773754206631597638,252.66,253.35,100.0,100.0
1773754206637891112,252.66,252.74,100.0,100.0
1773754206641006336,252.66,253.35,100.0,100.0
1773754206648417716,252.66,252.74,100.0,100.0
1773754206648760102,252.66,252.75,100.0,100.0
1773754206649077466,252.7,252.75,100.0,100.0
1773754206649174350,252.7,253.35,100.0,100.0
1773754206649244680,252.66,253.35,100.0,100.0
1773754206649278664,250.0,253.35,100.0,100.0
1773754206649345539,252.7,253.35,100.0,100.0
1773754206649381600,250.0,253.35,100.0,100.0
1773754206649461006,250.0,252.75,100.0,100.0
1773754206649499975,250.0,253.35,100.0,100.0
1773754206649544004,250.0,252.75,100.0,100.0
1773754206649564749,250.0,253.35,100.0,100.0
1773754206678695096,250.0,252.73,100.0,100.0
1773754206678810455,252.56,252.73,100.0,100.0
1773754206678885385,250.0,252.73,100.0,100.0
1773754206774125715,250.0,253.35,100.0,100.0
1773754206774168964,252.55,253.35,100.0,100.0
1773754207082824153,250.0,253.35,100.0,100.0
1773754207082856438,252.55,253.35,100.0,100.0
1773754207083009490,250.0,253.35,100.0,100.0
1773754207083038491,252.55,253.35,100.0,100.0
1773754207083365680,250.0,253.35,100.0,100.0
1773754207083423814,252.59,253.35,100.0,100.0
1773754207083609414,252.6,253.35,100.0,100.0
1773754207083744295,250.0,253.35,100.0,100.0
1773754207083799497,252.64,253.35,100.0,100.0
1773754207083822624,250.0,253.35,100.0,100.0
1773754207083854328,250.0,252.73,100.0,100.0
1773754207083905493,250.0,253.35,100.0,100.0
1773754207084444206,252.57,253.35,100.0,100.0
1773754207084473667,250.0,253.35,100.0,100.0
1773754207084529390,252.6,253.35,100.0,100.0
1773754207084658217,250.0,253.35,100.0,100.0
1773754207084701437,252.6,253.35,100.0,100.0
1773754207084721457,250.0,253.35,100.0,100.0
1773754207084759858,252.6,253.35,100.0,100.0
1773754207084826804,250.0,253.35,100.0,100.0
1773754207088212328,250.0,252.7,100.0,100.0
1773754207098249777,250.0,253.35,100.0,100.0
1773754207102445164,250.0,252.71,100.0,100.0
1773754207102958386,252.55,252.71,100.0,100.0
1773754207103067908,250.0,252.71,100.0,100.0
1773754207103088977,250.0,253.35,100.0,100.0
1773754207103358645,252.55,253.35,100.0,100.0
1773754207103539122,250.0,253.35,100.0,100.0
1773754207103567073,252.55,253.35,100.0,100.0
1773754207103672833,250.0,253.35,100.0,100.0
1773754207103702072,252.55,253.35,100.0,100.0
1773754207103784386,250.0,253.35,100.0,100.0
1773754207103824247,252.62,253.35,100.0,100.0
1773754207103869815,250.0,253.35,100.0,100.0
1773754207103907572,252.6,253.35,100.0,100.0
1773754207104095969,252.59,253.35,100.0,100.0
1773754207104861344,250.0,253.35,100.0,100.0
1773754207104889470,252.59,253.35,100.0,100.0
1773754207105945158,250.0,253.35,100.0,100.0
1773754207105973374,252.59,253.35,100.0,100.0
1773754207106924770,250.0,253.35,100.0,100.0
1773754207106951215,252.6,253.35,100.0,100.0
1773754207133203407,252.59,253.35,100.0,100.0
1773754207133313537,252.59,252.68,100.0,100.0
1773754207133797537,252.59,253.35,100.0,100.0
1773754207133822077,250.0,253.35,100.0,100.0
1773754207133873220,252.59,253.35,100.0,100.0
1773754207134557417,250.0,253.35,100.0,100.0
1773754207134586209,252.59,253.35,100.0,100.0
1773754207136134748,250.0,253.35,100.0,100.0
1773754207136158846,252.6,253.35,100.0,100.0
1773754207139231124,252.59,253.35,100.0,100.0
1773754207139856817,250.0,253.35,100.0,100.0
1773754207139882963,252.59,253.35,100.0,100.0
1773754207140200121,250.0,253.35,100.0,100.0
1773754207145050481,252.57,253.35,100.0,100.0
1773754207170956214,252.57,252.72,100.0,100.0
1773754207171819003,252.57,253.35,100.0,100.0
1773754207184587139,252.66,253.35,100.0,100.0
1773754207184730581,250.0,253.35,100.0,100.0
1773754207184812528,252.66,253.35,100.0,100.0
1773754207184832195,250.0,253.35,100.0,100.0
1773754207184952187,250.0,252.73,100.0,100.0
1773754207185011259,250.0,253.35,100.0,100.0
1773754207185074518,250.0,252.73,100.0,100.0
1773754207185298830,250.0,253.35,100.0,100.0
1773754207185656965,250.0,252.73,100.0,100.0
1773754207185802799,250.0,252.73,100.0,200.0
1773754207185852636,250.0,252.73,100.0,100.0
1773754207185884465,252.56,252.73,100.0,100.0
1773754207186015058,252.56,253.35,100.0,100.0
1773754207187363122,250.0,253.35,100.0,100.0
1773754207187394288,252.56,253.35,100.0,100.0
1773754207188253761,250.0,253.35,100.0,100.0
1773754207188279374,252.56,253.35,100.0,100.0
1773754207189309462,250.0,253.35,100.0,100.0
1773754207189336301,252.56,253.35,100.0,100.0
1773754207190246945,250.0,253.35,100.0,100.0
1773754207190271651,252.57,253.35,100.0,100.0
1773754207246861537,252.55,253.35,100.0,100.0
1773754207247130147,250.0,253.35,100.0,100.0
1773754207247158349,252.55,253.35,100.0,100.0
1773754207247998540,250.0,253.35,100.0,100.0
1773754207248027304,252.55,253.35,100.0,100.0
1773754207248993197,250.0,253.35,100.0,100.0
1773754207249017969,252.56,253.35,100.0,100.0
1773754207302832612,252.53,253.35,100.0,100.0
1773754207303097114,250.0,253.35,100.0,100.0
1773754207303128603,252.53,253.35,100.0,100.0
1773754207304012894,250.0,253.35,100.0,100.0
1773754207304040516,252.53,253.35,100.0,100.0
1773754207305459837,250.0,253.35,100.0,100.0
1773754207305482885,252.54,253.35,100.0,100.0
1773754207431317742,252.59,253.35,100.0,100.0
1773754207431404357,250.0,253.35,100.0,100.0
1773754207431917979,252.59,253.35,100.0,100.0
1773754207432474357,250.0,253.35,100.0,100.0
1773754207432506047,252.59,253.35,100.0,100.0
1773754207432630872,252.59,252.72,100.0,100.0
1773754207432661497,250.0,252.72,100.0,100.0
1773754207432689825,252.59,252.72,100.0,100.0
1773754207436245035,252.55,252.72,100.0,100.0
1773754207436581901,250.0,252.72,100.0,100.0
1773754207448333832,250.0,253.35,100.0,100.0
1773754207544319353,250.0,252.76,100.0,100.0
1773754207544451117,252.53,252.76,100.0,100.0
1773754207544504510,252.53,253.35,100.0,100.0
1773754207544538636,252.53,253.35,200.0,100.0
1773754207544585160,252.53,253.35,100.0,100.0
1773754207544605816,250.0,253.35,100.0,100.0
1773754207544655090,252.53,253.35,100.0,100.0
1773754207544681929,250.0,253.35,100.0,100.0
1773754207544719192,252.53,253.35,100.0,100.0
1773754207544752331,250.0,253.35,100.0,100.0
1773754207544863244,252.53,253.35,100.0,100.0
1773754207545510347,250.0,253.35,100.0,100.0
1773754207545570289,252.53,253.35,100.0,100.0
1773754207546076110,250.0,253.35,100.0,100.0
1773754207546100088,252.65,253.35,100.0,100.0
1773754207564062950,252.64,253.35,100.0,100.0
1773754207565216485,250.0,253.35,100.0,100.0
1773754207565244016,252.64,253.35,100.0,100.0
1773754207566152539,250.0,253.35,100.0,100.0
1773754207566178251,252.65,253.35,100.0,100.0
1773754207594195180,252.61,253.35,100.0,100.0
1773754207594560225,252.61,253.35,200.0,100.0
1773754207594564649,252.61,253.35,100.0,100.0
1773754207595540829,250.0,253.35,100.0,100.0
1773754207595569912,252.61,253.35,100.0,100.0
1773754207596445196,250.0,253.35,100.0,100.0
1773754207596472154,252.62,253.35,100.0,100.0
1773754207684247813,252.61,253.35,100.0,100.0
1773754207684747607,250.0,253.35,100.0,100.0
1773754207684799219,252.61,253.35,100.0,100.0
1773754207685843275,250.0,253.35,100.0,100.0
1773754207685872405,252.61,253.35,100.0,100.0
1773754207686785731,250.0,253.35,100.0,100.0
1773754207686812221,252.62,253.35,100.0,100.0
1773754207696299203,250.0,253.35,100.0,100.0
1773754207696354965,252.67,253.35,100.0,100.0
1773754207697203044,250.0,253.35,100.0,100.0
1773754207700045141,252.61,253.35,100.0,100.0
1773754207700901274,250.0,253.35,100.0,100.0
1773754207700925517,252.61,253.35,100.0,100.0
1773754207701979409,250.0,253.35,100.0,100.0
1773754207702004291,252.62,253.35,100.0,100.0
1773754207707250000,250.0,253.35,100.0,100.0
1773754207707279965,252.67,253.35,100.0,100.0
1773754207717476509,250.0,253.35,100.0,100.0
1773754207717533178,252.69,253.35,100.0,100.0
1773754207717606445,252.68,253.35,100.0,100.0
1773754207717984278,250.0,253.35,100.0,100.0
1773754207718009626,252.67,253.35,100.0,100.0
1773754207718106147,250.0,253.35,100.0,100.0
1773754207718135747,252.68,253.35,100.0,100.0
1773754207718259930,252.67,253.35,100.0,100.0
1773754207741119600,252.62,253.35,100.0,100.0
1773754207741439273,250.0,253.35,100.0,100.0
1773754207741470914,252.62,253.35,100.0,100.0
1773754207742423095,250.0,253.35,100.0,100.0
1773754207742451484,252.62,253.35,100.0,100.0
1773754207743554611,250.0,253.35,100.0,100.0
1773754207743580073,252.63,253.35,100.0,100.0
1773754207744185911,252.61,253.35,100.0,100.0
1773754207744511114,250.0,253.35,100.0,100.0
1773754207865193952,252.67,253.35,100.0,100.0
1773754208143263692,250.0,253.35,100.0,100.0
1773754208143385638,252.71,253.35,100.0,100.0
1773754208143475571,250.0,253.35,100.0,100.0
1773754208143500525,252.72,253.35,100.0,100.0
1773754208143598335,250.0,253.35,100.0,100.0
1773754208150261792,250.0,252.8,100.0,100.0
1773754208153525978,250.0,253.35,100.0,100.0
1773754208153608340,250.0,252.82,100.0,100.0
1773754208153734860,250.0,252.83,100.0,100.0
1773754208154085874,250.0,252.83,100.0,200.0
1773754208154090874,250.0,252.83,100.0,100.0
1773754208154241032,250.0,252.83,100.0,200.0
1773754208154252821,250.0,252.83,100.0,100.0
1773754208154474855,252.61,252.83,100.0,100.0
1773754208154542030,250.0,252.83,100.0,100.0
1773754208154584193,252.61,252.83,100.0,100.0
1773754208154737368,252.61,253.35,100.0,100.0
1773754208155719071,250.0,253.35,100.0,100.0
1773754208201897991,252.62,253.35,100.0,100.0
1773754208202733266,252.62,253.35,200.0,100.0
1773754208277208755,252.62,253.35,100.0,100.0
1773754208306435750,252.62,252.82,100.0,100.0
1773754208306657324,250.0,252.82,100.0,100.0
1773754208324537595,250.0,253.35,100.0,100.0
1773754208324567352,252.7,253.35,100.0,100.0
1773754208326359409,252.69,253.35,100.0,100.0
1773754208326775901,250.0,253.35,100.0,100.0
1773754208327029050,252.69,253.35,100.0,100.0
1773754208327092206,250.0,253.35,100.0,100.0
1773754208327252643,252.69,253.35,100.0,100.0
1773754208327266950,252.69,253.35,200.0,100.0
1773754208327323295,252.77,253.35,100.0,100.0
1773754208327373691,252.69,253.35,100.0,100.0
1773754208327408333,252.79,253.35,100.0,100.0
1773754208327661016,250.0,253.35,100.0,100.0
1773754208327738137,250.0,252.86,100.0,100.0
1773754208327997985,252.76,252.86,100.0,100.0
1773754208328083982,250.0,252.86,100.0,100.0
1773754208328211826,252.76,252.86,100.0,100.0
1773754208328336777,250.0,252.86,100.0,100.0
1773754208328670885,252.76,252.86,100.0,100.0
1773754208328940730,252.76,252.86,100.0,200.0
1773754208329129002,252.76,252.86,100.0,100.0
1773754208329147370,252.76,253.35,100.0,100.0
1773754208329267714,250.0,253.35,100.0,100.0
1773754208329293510,252.76,253.35,100.0,100.0
1773754208329806911,252.76,252.85,100.0,100.0
1773754208330846484,250.0,252.85,100.0,100.0
1773754208330873880,252.77,252.85,100.0,100.0
1773754208333839800,252.77,252.86,100.0,100.0
1773754208334692937,252.77,253.35,100.0,100.0
1773754208342175921,252.77,252.89,100.0,100.0
1773754208346948191,250.0,252.89,100.0,100.0
1773754208380347468,250.0,252.87,100.0,100.0
1773754208380390400,250.0,252.87,100.0,200.0
1773754208380436554,250.0,252.87,100.0,100.0
1773754208380463512,250.0,253.35,100.0,100.0
1773754208380501388,250.0,252.86,100.0,100.0
1773754208380561970,250.0,253.35,100.0,100.0
1773754208380588623,250.0,252.87,100.0,100.0
1773754208380631120,250.0,253.35,100.0,100.0
1773754208380658912,250.0,252.86,100.0,100.0
1773754208381557693,250.0,253.35,100.0,100.0
1773754208381587514,250.0,252.86,100.0,100.0
1773754208382576294,250.0,253.35,100.0,100.0
1773754208382604535,250.0,252.85,100.0,100.0
1773754208400426253,252.74,252.85,100.0,100.0
1773754208400454613,250.0,252.85,100.0,100.0
1773754208400631302,250.0,252.86,100.0,100.0
1773754208400960280,252.74,252.86,100.0,100.0
1773754208400980595,250.0,252.86,100.0,100.0
1773754208402074242,250.0,253.35,100.0,100.0
1773754208402101735,250.0,252.86,100.0,100.0
1773754208403154166,250.0,253.35,100.0,100.0
1773754208403179677,250.0,252.85,100.0,100.0
1773754208413346647,250.0,253.35,100.0,100.0
1773754208413398751,250.0,252.85,100.0,100.0
1773754208413482102,250.0,253.35,100.0,100.0
1773754208413555207,250.0,252.85,100.0,100.0
1773754208413844747,250.0,253.35,100.0,100.0
1773754208443007309,250.0,252.89,100.0,100.0
1773754208543461995,250.0,252.85,100.0,100.0
1773754208543698613,250.0,253.35,100.0,100.0
1773754208543943853,252.64,253.35,100.0,100.0
1773754208544104516,250.0,253.35,100.0,100.0
1773754208544133093,252.64,253.35,100.0,100.0
1773754208545249371,250.0,253.35,100.0,100.0
1773754208545276938,252.64,253.35,100.0,100.0
1773754208546217995,250.0,253.35,100.0,100.0
1773754208546241786,252.67,253.35,100.0,100.0
1773754208561711168,252.67,252.83,100.0,100.0
1773754208597433954,252.67,252.85,100.0,100.0
1773754208597478106,250.0,252.85,100.0,100.0
1773754208597496325,250.0,253.35,100.0,100.0
1773754208598950468,252.67,253.35,100.0,100.0
1773754208598981517,252.67,252.85,100.0,100.0
1773754208600056467,252.67,253.35,100.0,100.0
1773754208600085199,252.67,252.83,100.0,100.0
1773754208600178741,252.67,252.84,100.0,100.0
1773754208600242959,252.67,253.35,100.0,100.0
1773754208600298022,252.67,252.83,100.0,100.0
1773754208600370904,252.67,253.35,100.0,100.0
1773754208600431301,252.67,252.84,100.0,100.0
1773754208600451165,252.67,253.35,100.0,100.0
1773754208600479862,252.67,252.83,100.0,100.0
1773754208600508403,252.67,253.35,100.0,100.0
1773754208600564473,252.67,252.84,100.0,100.0
1773754208600618442,252.67,253.35,100.0,100.0
1773754208600643427,252.67,252.83,100.0,100.0
1773754208600676355,252.67,253.35,100.0,100.0
1773754208600734224,252.67,252.83,100.0,100.0
1773754208600784255,252.67,253.35,100.0,100.0
1773754208600830845,252.67,252.84,100.0,100.0
1773754208600906179,252.67,253.35,100.0,100.0
1773754208600933163,252.67,252.83,100.0,100.0
1773754208600994434,252.67,253.35,100.0,100.0
1773754208601020291,252.67,252.84,100.0,100.0
1773754208601074192,252.67,253.35,100.0,100.0
1773754208601121023,252.67,252.83,100.0,100.0
1773754208601184856,252.67,253.35,100.0,100.0
1773754208601211125,252.67,252.84,100.0,100.0
1773754208601253543,252.67,253.35,100.0,100.0
1773754208601279691,252.67,252.83,100.0,100.0
1773754208601300316,252.67,253.35,100.0,100.0
1773754208601328636,252.67,252.83,100.0,100.0
1773754208601421656,252.67,253.35,100.0,100.0
1773754208601447166,252.67,252.84,100.0,100.0
1773754208601555741,252.67,253.35,100.0,100.0
1773754208601582747,252.67,252.83,100.0,100.0
1773754208602846783,252.67,253.35,100.0,100.0
1773754208602871566,252.67,252.83,100.0,100.0
1773754208603972717,252.67,253.35,100.0,100.0
1773754208603999586,252.67,252.82,100.0,100.0
1773754208707828891,252.67,252.82,100.0,100.0
1773754209042138319,250.0,252.82,100.0,100.0
1773754209042985513,250.0,253.35,100.0,100.0
1773754209043134112,250.0,252.82,100.0,100.0
1773754209044571006,250.0,252.83,100.0,100.0
1773754209045377277,250.0,253.35,100.0,100.0
1773754209045405907,250.0,252.83,100.0,100.0
1773754209046363226,250.0,253.35,100.0,100.0
1773754209046392020,250.0,252.83,100.0,100.0
1773754209047311545,250.0,253.35,100.0,100.0
1773754209047335768,250.0,252.82,100.0,100.0
1773754209280935006,250.0,253.35,100.0,100.0
1773754209280966313,250.0,252.81,100.0,100.0
1773754209281053060,250.0,252.82,100.0,100.0
1773754209281165714,250.0,253.35,100.0,100.0
1773754209281215682,250.0,252.81,100.0,100.0
1773754209281319458,250.0,253.35,100.0,100.0
1773754209281344888,250.0,252.82,100.0,100.0
1773754209281434764,250.0,253.35,100.0,100.0
1773754209281460933,250.0,252.81,100.0,100.0
1773754209281558302,250.0,253.35,100.0,100.0
1773754209281582973,250.0,252.81,100.0,100.0
1773754209281621368,250.0,253.35,100.0,100.0
1773754209281665764,250.0,252.82,100.0,100.0
1773754209281686374,250.0,253.35,100.0,100.0
1773754209281714134,250.0,252.81,100.0,100.0
1773754209281804864,250.0,253.35,100.0,100.0
1773754209281831391,250.0,252.82,100.0,100.0
1773754209281950192,250.0,253.35,100.0,100.0
1773754209281976099,250.0,252.81,100.0,100.0
1773754209282047502,250.0,253.35,100.0,100.0
1773754209282071780,250.0,252.82,100.0,100.0
1773754209282163911,250.0,252.81,100.0,100.0
1773754209282286283,250.0,253.35,100.0,100.0
1773754209282339009,250.0,252.81,100.0,100.0
1773754209282428911,250.0,253.35,100.0,100.0
1773754209282498026,250.0,252.82,100.0,100.0
1773754209282519200,250.0,253.35,100.0,100.0
1773754209282545939,250.0,252.81,100.0,100.0
1773754209282611268,250.0,252.82,100.0,100.0
1773754209282627686,250.0,253.35,100.0,100.0
1773754209282675054,250.0,252.81,100.0,100.0
1773754209282709584,250.0,253.35,100.0,100.0
1773754209282763268,250.0,252.82,100.0,100.0
1773754209282785600,250.0,253.35,100.0,100.0
1773754209282810826,250.0,252.81,100.0,100.0
1773754209282943695,250.0,253.35,100.0,100.0
1773754209282967925,250.0,252.82,100.0,100.0
1773754209283057772,250.0,253.35,100.0,100.0
1773754209283105024,250.0,252.81,100.0,100.0
1773754209283212789,250.0,253.35,100.0,100.0
1773754209283247990,250.0,252.81,100.0,100.0
1773754209283268132,250.0,253.35,100.0,100.0
1773754209283308607,250.0,252.82,100.0,100.0
1773754209283325997,250.0,253.35,100.0,100.0
1773754209283388893,250.0,252.81,100.0,100.0
1773754209283455038,250.0,253.35,100.0,100.0
1773754209283478926,250.0,252.82,100.0,100.0
1773754209283538341,250.0,253.35,100.0,100.0
1773754209283585488,250.0,252.81,100.0,100.0
1773754209283663847,250.0,253.35,100.0,100.0
1773754209283709091,250.0,252.82,100.0,100.0
1773754209283788189,250.0,253.35,100.0,100.0
1773754209283813892,250.0,252.81,100.0,100.0
1773754209283910890,250.0,252.82,100.0,100.0
1773754209283962262,250.0,252.81,100.0,100.0
1773754209284015656,250.0,253.35,100.0,100.0
1773754209284064106,250.0,252.81,100.0,100.0
1773754209284151475,250.0,252.82,100.0,100.0
1773754209284272669,250.0,253.35,100.0,100.0
1773754209284300624,250.0,252.81,100.0,100.0
1773754209284332048,250.0,253.35,100.0,100.0
1773754209284357756,250.0,252.82,100.0,100.0
1773754209284417607,250.0,253.35,100.0,100.0
1773754209284464835,250.0,252.81,100.0,100.0
1773754209284567040,250.0,253.35,100.0,100.0
1773754209284610613,250.0,252.82,100.0,100.0
1773754209284641691,250.0,253.35,100.0,100.0
1773754209284687826,250.0,252.81,100.0,100.0
1773754209284707575,250.0,253.35,100.0,100.0
1773754209284746104,250.0,252.81,100.0,100.0
1773754209284816067,250.0,253.35,100.0,100.0
1773754209284840853,250.0,252.82,100.0,100.0
1773754209284933913,250.0,253.35,100.0,100.0
1773754209284961249,250.0,252.81,100.0,100.0
1773754209285004208,250.0,253.35,100.0,100.0
1773754209285049031,250.0,252.82,100.0,100.0
1773754209285229165,250.0,253.35,100.0,100.0
1773754209285257900,250.0,252.81,100.0,100.0
1773754209285305010,250.0,253.35,100.0,100.0
1773754209285330260,250.0,252.81,100.0,100.0
1773754209285361492,250.0,253.35,100.0,100.0
1773754209285406538,250.0,252.82,100.0,100.0
1773754209285428377,250.0,253.35,100.0,100.0
1773754209285456725,250.0,252.81,100.0,100.0
1773754209285577874,250.0,253.35,100.0,100.0
1773754209285622268,250.0,252.82,100.0,100.0
1773754209285652777,250.0,253.35,100.0,100.0
1773754209285700739,250.0,252.81,100.0,100.0
1773754209285787762,250.0,252.82,100.0,100.0
1773754209285922409,250.0,253.35,100.0,100.0
1773754209285986321,250.0,252.81,100.0,100.0
1773754209286008589,250.0,253.35,100.0,100.0
1773754209286033061,250.0,252.81,100.0,100.0
1773754209286064023,250.0,253.35,100.0,100.0
1773754209286110763,250.0,252.82,100.0,100.0
1773754209286334883,250.0,253.35,100.0,100.0
1773754209286360707,250.0,252.81,100.0,100.0
1773754209286480982,250.0,253.35,100.0,100.0
1773754209286520631,250.0,252.82,100.0,100.0
1773754209286899649,250.0,253.35,100.0,100.0
1773754209286925139,250.0,252.81,100.0,100.0
1773754209286951942,250.0,253.35,100.0,100.0
1773754209286998797,250.0,252.82,100.0,100.0
1773754209287460113,250.0,253.35,100.0,100.0
1773754209287494371,250.0,252.81,100.0,100.0
1773754209287538954,250.0,253.35,100.0,100.0
1773754209287593920,250.0,252.82,100.0,100.0
1773754209287614818,250.0,253.35,100.0,100.0
1773754209287641194,250.0,252.81,100.0,100.0
1773754209287670958,250.0,253.35,100.0,100.0
1773754209287709159,250.0,252.82,100.0,100.0
1773754209288158468,250.0,253.35,100.0,100.0
1773754209288181267,250.0,252.81,100.0,100.0
1773754209288220872,250.0,253.35,100.0,100.0
1773754209288261250,250.0,252.82,100.0,100.0
1773754209299392551,250.0,253.35,100.0,100.0
1773754209299467498,252.62,253.35,100.0,100.0
1773754209504362699,250.0,253.35,100.0,100.0
1773754209590821583,250.0,252.82,100.0,100.0
1773754209593088049,250.0,252.83,100.0,100.0
1773754209593883118,250.0,252.84,100.0,100.0
1773754209593914726,250.0,253.35,100.0,100.0
1773754209593946776,250.0,252.84,100.0,100.0
1773754209594124028,250.0,253.35,100.0,100.0
1773754209594488484,250.0,252.82,100.0,100.0
1773754209595778290,250.0,253.35,100.0,100.0
1773754209595805312,250.0,252.82,100.0,100.0
1773754209596675904,250.0,253.35,100.0,100.0
1773754209596705997,250.0,252.82,100.0,100.0
1773754209597670436,250.0,253.35,100.0,100.0
1773754209597694821,250.0,252.81,100.0,100.0
1773754209656181356,250.0,252.82,100.0,100.0
1773754209656725928,250.0,253.35,100.0,100.0
1773754209656816140,250.0,252.82,100.0,100.0
1773754209657223724,250.0,252.83,100.0,100.0
1773754209657351995,250.0,253.35,100.0,100.0
1773754209657381355,250.0,252.83,100.0,100.0
1773754209658763411,250.0,253.35,100.0,100.0
1773754209658791596,250.0,252.83,100.0,100.0
1773754209659761461,250.0,253.35,100.0,100.0
1773754209659788339,250.0,252.83,100.0,100.0
1773754209660362743,250.0,253.35,100.0,100.0
1773754209660390012,250.0,252.83,100.0,100.0
1773754209661362800,250.0,253.35,100.0,100.0
1773754209661388161,250.0,252.82,100.0,100.0
1773754209684239735,250.0,252.83,100.0,100.0
1773754209685385130,250.0,253.35,100.0,100.0
1773754209685414946,250.0,252.83,100.0,100.0
1773754209686266514,250.0,253.35,100.0,100.0
1773754209854900954,252.72,253.35,100.0,100.0
1773754209868408469,250.0,253.35,100.0,100.0
1773754209887856821,252.72,253.35,100.0,100.0
1773754209888527029,252.78,253.35,100.0,100.0
1773754209888807662,250.0,253.35,100.0,100.0
1773754209890621513,250.0,252.81,100.0,100.0
1773754209890706515,252.72,252.81,100.0,100.0
1773754209890737917,252.72,253.35,100.0,100.0
1773754209892384332,250.0,253.35,100.0,100.0
1773754209892416699,252.74,253.35,100.0,100.0
1773754209892499227,250.0,253.35,100.0,100.0
